"project.name","version","name","amc","max_cc","avg_cc","loc","noc","rfc","npm","wmc","dam","ca","cbm","cbo","ce","ic","max.coupling","min.coupling","mean.coupling","is.change.prone"
"synapse",1.2,"org.apache.synapse.endpoints.LoadbalanceEndpoint",16.53333333,13,2.0667,271,0,52,14,15,1,3,0,18,15,0,0.990000009536743,0.370000004768372,0.860078741715649,TRUE
"synapse",1.2,"org.apache.synapse.util.concurrent.SynapseThreadPool",15,0,0,60,0,8,3,3,0,1,0,2,1,0,0.980000019073486,0.239999994635582,0.884803149585179,FALSE
"synapse",1.2,"org.apache.synapse.mediators.AbstractMediator",14.06666667,4,2.3333,229,18,33,5,15,1,18,0,23,5,0,1,0.25,0.89594487986696,FALSE
"synapse",1.2,"org.apache.synapse.config.xml.AnonymousListMediatorFactory",6,1,0.5,14,0,5,2,2,0,2,0,6,4,0,1,0.230000004172325,0.901771656934201,FALSE
"synapse",1.2,"org.apache.synapse.endpoints.algorithms.LoadbalanceAlgorithm",0,1,1,2,0,2,2,2,0,8,0,11,3,0,0.959999978542328,0.219999998807907,0.839921259387272,FALSE
"synapse",1.2,"org.apache.synapse.config.xml.ClassMediatorFactory",34,6,1.75,141,0,29,3,4,1,0,0,8,8,0,1,0.219999998807907,0.894685041012726,FALSE
"synapse",1.2,"org.apache.synapse.config.xml.endpoints.LoadbalanceEndpointFactory",18.25,5,1.5,78,0,19,1,4,1,1,1,7,7,1,1,0.300000011920929,0.892834645908649,FALSE
"synapse",1.2,"org.apache.synapse.util.WrappedTextNodeStreamReader",8.274509804,3,1.2157,481,0,71,47,51,1,1,0,4,3,0,0.839999973773956,0.419999986886978,0.653346457467304,FALSE
"synapse",1.2,"org.apache.synapse.endpoints.dispatch.DispatcherContext",37.28571429,8,3.2857,544,0,46,9,14,1,5,0,14,9,0,0.959999978542328,0.25,0.85291338506646,FALSE
"synapse",1.2,"org.apache.synapse.util.UUIDGenerator",42.75,4,2,179,0,31,2,4,1,4,0,4,0,0,0.910000026226044,0.270000010728836,0.787125984280128,FALSE
"synapse",1.2,"org.apache.synapse.config.xml.AbstractDBMediatorSerializer",185.5,25,12.5,373,2,30,1,2,0,2,0,16,14,0,1,0.239999994635582,0.89248031923386,FALSE
"synapse",1.2,"org.apache.synapse.endpoints.SALoadbalanceEndpoint",37.76470588,30,3.4118,673,0,77,15,17,0.714285714,4,0,23,19,0,0.990000009536743,0.340000003576279,0.872677166982899,TRUE
"synapse",1.2,"org.apache.synapse.config.xml.HeaderMediatorSerializer",45.33333333,10,3.6667,139,0,25,3,3,0,0,0,10,10,0,0.990000009536743,0.259999990463257,0.882952758529055,FALSE
"synapse",1.2,"org.apache.synapse.core.SynapseEnvironment",0,1,1,10,0,10,10,10,0,30,0,33,5,0,0.990000009536743,0.239999994635582,0.884842520682361,TRUE
"synapse",1.2,"org.apache.synapse.mediators.transform.XSLTMediator",40.6,39,3.5,844,0,107,14,20,0.833333333,3,0,31,29,0,0.980000019073486,0.340000003576279,0.876929133778482,FALSE
"synapse",1.2,"org.apache.synapse.registry.url.SimpleURLRegistry",39.4,9,2.4,609,0,73,11,15,1,0,3,12,12,2,0.980000019073486,0.239999994635582,0.881614174840488,FALSE
"synapse",1.2,"org.apache.synapse.config.xml.ClassMediatorSerializer",37,7,2.6667,114,0,24,3,3,0,0,0,8,8,0,1,0.209999993443489,0.886889767987052,TRUE
"synapse",1.2,"org.apache.synapse.mediators.builtin.RMSequenceMediator",24.64705882,12,2.0588,444,0,58,11,17,1,2,0,14,12,0,0.990000009536743,0.330000013113022,0.89960630108991,FALSE
"synapse",1.2,"org.apache.synapse.config.xml.CalloutMediatorSerializer",51,12,4.3333,156,0,25,3,3,0,0,0,11,11,0,1,0.280000001192093,0.899566932574032,FALSE
"synapse",1.2,"org.apache.synapse.config.xml.OutMediatorSerializer",14.33333333,3,1.3333,46,0,15,3,3,0,0,0,7,7,0,1,0.25,0.88452756240612,FALSE
"synapse",1.2,"org.apache.synapse.mediators.db.DBLookupMediator",90.5,9,4.5,183,0,30,1,2,0,3,5,5,3,2,1,0.28999999165535,0.902992129677863,FALSE
"synapse",1.2,"org.apache.synapse.endpoints.AddressEndpoint",62.6,23,6.4,319,0,51,5,5,1,4,3,20,16,2,0.990000009536743,0.360000014305115,0.84145669251915,FALSE
"synapse",1.2,"org.apache.synapse.registry.Registry",0,1,1,12,0,12,12,12,0,7,0,10,3,0,0.959999978542328,0.310000002384186,0.828110235765224,FALSE
"synapse",1.2,"org.apache.synapse.mediators.AbstractListMediator",16.5,3,1.5,176,7,35,10,10,1,7,0,14,7,0,1,0.239999994635582,0.898307085917221,FALSE
"synapse",1.2,"org.apache.synapse.core.axis2.ProxyServiceMessageReceiver",69.75,4,1.625,570,0,64,4,8,1,1,2,21,21,1,0.97000002861023,0.370000004768372,0.856338581583631,FALSE
"synapse",1.2,"org.apache.synapse.config.xml.ConfigurationFactory",0,1,1,3,0,3,3,3,0,2,0,4,2,0,0.930000007152557,0.259999990463257,0.790708661431403,FALSE
"synapse",1.2,"org.apache.synapse.core.axis2.Axis2FlexibleMEPClient",67.77777778,6,2.2222,620,0,102,3,9,1,1,0,38,37,0,0.959999978542328,0.349999994039536,0.880866144585797,FALSE
"synapse",1.2,"org.apache.synapse.mediators.builtin.ValidateMediator",47.63636364,16,2.7273,542,0,71,9,11,0.857142857,3,3,18,16,1,0.980000019073486,0.270000010728836,0.885984252522311,FALSE
"synapse",1.2,"org.apache.synapse.config.xml.XMLConfigurationSerializer",5.666666667,1,0.3333,21,0,8,2,3,1,0,0,5,5,0,0.990000009536743,0.140000000596046,0.801259843911242,TRUE
"synapse",1.2,"org.apache.synapse.endpoints.EndpointContext",24.75,7,2.5833,319,0,37,8,12,1,5,0,12,7,0,0.97000002861023,0.349999994039536,0.825787400518815,FALSE
"synapse",1.2,"org.apache.synapse.config.Entry",5.961538462,4,1.3462,193,0,31,24,26,0.666666667,13,0,17,4,0,0.910000026226044,0.100000001490116,0.734685038751739,FALSE
"synapse",1.2,"org.apache.synapse.config.xml.ResourceMapFactory",17.75,5,1.5,76,0,16,2,4,1,1,0,7,6,0,0.930000007152557,0.180000007152557,0.650944882373171,FALSE
"synapse",1.2,"org.apache.synapse.config.xml.ValidateMediatorSerializer",46.33333333,9,3.3333,142,0,28,3,3,0,0,0,13,13,0,0.990000009536743,0.259999990463257,0.8825590565918,TRUE
"synapse",1.2,"org.apache.synapse.util.PayloadHelper",21.95652174,5,2.2174,537,0,70,22,23,0,2,0,18,17,0,0.879999995231628,0.310000002384186,0.629291338948753,FALSE
"synapse",1.2,"org.apache.synapse.config.xml.ProxyServiceFactory",137.8,50,10.4,695,0,67,2,5,1,1,0,14,13,0,0.980000019073486,0.200000002980232,0.86228346560649,FALSE
"synapse",1.2,"org.apache.synapse.endpoints.utils.EndpointDefinition",4.88372093,1,0.9767,274,0,44,43,43,1,18,0,18,0,0,0.97000002861023,0.340000003576279,0.780118111198343,TRUE
"synapse",1.2,"org.apache.synapse.config.xml.SynapseXMLConfigurationFactory",32.73333333,19,2.6,507,0,84,6,15,1,0,0,28,28,0,0.990000009536743,0.270000010728836,0.894133860201348,FALSE
"synapse",1.2,"org.apache.synapse.util.xpath.SynapseXPath",35.16666667,8,2.1667,219,0,45,3,6,1,50,5,71,21,2,0.990000009536743,0.280000001192093,0.874842520421884,FALSE
"synapse",1.2,"org.apache.synapse.config.xml.SynapseMediatorSerializer",14.33333333,3,1.3333,46,0,15,3,3,0,0,0,7,7,0,1,0.209999993443489,0.891535437541215,FALSE
"synapse",1.2,"org.apache.synapse.core.axis2.ResourceMap",28.8,5,1.4,151,0,26,4,5,1,7,0,13,6,0,0.930000007152557,0.219999998807907,0.48885826414495,TRUE
"synapse",1.2,"org.apache.synapse.endpoints.dispatch.SoapSessionDispatcher",31,9,3.3333,194,0,22,5,6,1,2,0,12,10,0,0.980000019073486,0.219999998807907,0.882480316861408,FALSE
"synapse",1.2,"org.apache.synapse.mediators.base.SequenceMediator",25.3125,29,2.8125,428,0,52,16,16,1,24,4,34,12,1,0.990000009536743,0.28999999165535,0.894566929129165,TRUE
"synapse",1.2,"org.apache.synapse.startup.Task",0,1,1,1,0,1,1,1,0,2,0,2,0,0,0.949999988079071,0.25,0.544448817456801,FALSE
"synapse",1.2,"org.apache.synapse.config.xml.LogMediatorFactory",21.5,7,2,97,0,16,3,4,1,0,0,6,6,0,0.990000009536743,0.280000001192093,0.903385831497786,FALSE
"synapse",1.2,"org.apache.synapse.mediators.transform.FaultMediator",28.10714286,17,3.2143,828,0,106,20,28,0.692307692,2,0,31,29,0,1,0.270000010728836,0.903110240505436,FALSE
"synapse",1.2,"org.apache.synapse.config.xml.AnnotatedCommandMediatorFactory",32,6,1.75,133,0,29,3,4,1,0,0,10,10,0,1,0.28999999165535,0.905866144444999,FALSE
"synapse",1.2,"org.apache.synapse.core.axis2.DynamicAxisOperation",5,1,0.3333,18,0,6,3,3,0,2,0,6,5,0,0.899999976158142,0.170000001788139,0.773897635244478,TRUE
"synapse",1.2,"org.apache.synapse.statistics.impl.ProxyServiceStatisticsStack",19.57142857,5,1.8571,151,0,17,5,7,1,3,0,8,5,0,0.980000019073486,0.219999998807907,0.874566929781531,FALSE
"synapse",1.2,"org.apache.synapse.config.XMLToObjectMapper",0,1,1,1,0,1,1,1,0,9,0,10,1,0,0.930000007152557,0.379999995231628,0.788818897224787,FALSE
"synapse",1.2,"org.apache.synapse.SynapseException",4.333333333,0,0,17,0,6,3,3,1,83,0,83,0,0,0.9200000166893,0.310000002384186,0.763031496072379,FALSE
"synapse",1.2,"org.apache.synapse.config.xml.endpoints.DefaultEndpointSerializer",43.5,9,3.25,178,1,21,2,4,0,1,3,13,12,2,0.97000002861023,0.25,0.848149605271385,TRUE
"synapse",1.2,"org.apache.synapse.metrics.MetricsAggregatorModule",4.833333333,1,0.8333,35,0,13,6,6,0,0,0,10,10,0,0.990000009536743,0.25,0.881141731823523,FALSE
"synapse",1.2,"org.apache.synapse.startup.quartz.SimpleQuartzSerializer",64.33333333,11,3.6667,200,0,35,2,3,1,0,0,11,11,0,0.990000009536743,0.219999998807907,0.852362210063014,TRUE
"synapse",1.2,"org.apache.synapse.core.axis2.SynapseMessageReceiver",47,4,1.6,242,1,47,2,5,1,2,0,21,19,0,0.990000009536743,0.349999994039536,0.890905512951491,FALSE
"synapse",1.2,"org.apache.synapse.core.axis2.SynapseStartUpServlet",24,1,0.75,202,0,42,3,8,1,0,4,3,3,3,1,0.219999998807907,0.90248031843835,FALSE
"synapse",1.2,"org.apache.synapse.mediators.annotations.ReadAndUpdate",0,1,1,1,0,1,1,1,0,1,0,1,0,0,0.870000004768372,0.28999999165535,0.66574803288058,FALSE
"synapse",1.2,"org.apache.synapse.config.xml.FilterMediatorFactory",51.25,15,4,212,0,29,3,4,1,0,0,11,11,0,0.990000009536743,0.259999990463257,0.885354331745876,FALSE
"synapse",1.2,"org.apache.synapse.core.axis2.AnonymousServiceFactory",37.83333333,13,2.8333,242,0,32,2,6,0.777777778,1,0,17,16,0,0.980000019073486,0.219999998807907,0.863976378257819,FALSE
"synapse",1.2,"org.apache.synapse.mediators.MediatorWorker",28.8,4,1.6,153,0,18,3,5,1,1,0,7,6,0,0.990000009536743,0.280000001192093,0.901889765473801,FALSE
"synapse",1.2,"org.apache.synapse.core.axis2.SOAPUtils",96.8,1,0.6,493,0,66,4,5,1,2,0,22,20,0,0.959999978542328,0.209999993443489,0.777401570553385,FALSE
"synapse",1.2,"org.apache.synapse.mediators.annotations.Execute",0,0,0,0,0,0,0,0,0,0,0,0,0,0,0.899999976158142,0.140000000596046,0.396811022709205,FALSE
"synapse",1.2,"org.apache.synapse.config.xml.ValidateMediatorFactory",52.75,16,4.25,218,0,29,3,4,1,0,0,9,9,0,0.990000009536743,0.280000001192093,0.886929136209601,FALSE
"synapse",1.2,"org.apache.synapse.core.axis2.CustomURIResolver",11.66666667,3,1,40,0,7,3,3,1,1,0,5,4,0,0.819999992847443,0.419999986886978,0.656496063578786,FALSE
"synapse",1.2,"org.apache.synapse.core.axis2.MessageContextCreatorForAxis2",7.6,1,0.6,46,0,10,4,5,1,3,0,12,9,0,0.980000019073486,0.340000003576279,0.882283464543463,TRUE
"synapse",1.2,"org.apache.synapse.endpoints.FailoverEndpoint",21.18181818,14,2.3636,250,0,45,10,11,1,3,0,16,13,0,0.990000009536743,0.340000003576279,0.835275589363781,FALSE
"synapse",1.2,"org.apache.synapse.config.xml.StartupFactory",0,1,1,3,0,3,3,3,0,2,0,4,2,0,0.980000019073486,0.150000005960464,0.84055118039837,TRUE
"synapse",1.2,"org.apache.synapse.util.xpath.SynapseXPathFunctionContext",16,1,0.5,36,0,7,2,2,1,1,0,6,5,0,0.990000009536743,0.280000001192093,0.851220474468442,FALSE
"synapse",1.2,"org.apache.synapse.config.xml.CloneMediatorSerializer",17.66666667,4,1.6667,56,0,16,3,3,0,0,0,10,10,0,1,0.25,0.890275595577683,FALSE
"synapse",1.2,"org.apache.synapse.config.xml.FilterMediatorSerializer",47.33333333,10,3.6667,145,0,27,3,3,0,0,0,11,11,0,0.990000009536743,0.239999994635582,0.876417322597635,FALSE
"synapse",1.2,"org.apache.synapse.mediators.filters.SwitchMediator",26,15,2.625,219,0,32,8,8,1,2,0,8,6,0,1,0.259999990463257,0.906141736962664,FALSE
"synapse",1.2,"org.apache.synapse.metrics.Counter",5.333333333,1,0.6667,20,0,4,3,3,1,2,0,2,0,0,0.810000002384186,0.180000007152557,0.533070862997235,FALSE
"synapse",1.2,"org.apache.synapse.config.xml.DBLookupMediatorFactory",6.5,1,0.5,31,0,9,3,4,1,0,0,5,5,0,1,0.270000010728836,0.902165358930122,FALSE
"synapse",1.2,"org.apache.synapse.config.xml.SynapseXPathFactory",13.5,1,0.5,59,0,17,2,4,1,15,0,24,9,0,0.990000009536743,0.219999998807907,0.885354330103228,TRUE
"synapse",1.2,"org.apache.synapse.mediators.eip.aggregator.Aggregate",16.13636364,16,2,388,0,44,20,22,1,1,0,4,4,0,0.889999985694885,0.300000011920929,0.713622046971884,FALSE
"synapse",1.2,"org.apache.synapse.SynapseServer",27.16666667,1,0.6667,171,0,26,3,6,1,1,0,4,4,0,1,0.239999994635582,0.892401575044854,FALSE
"synapse",1.2,"org.apache.synapse.config.xml.EntryFactory",23.2,6,1.8,122,0,28,3,5,1,1,0,11,10,0,0.97000002861023,0.170000001788139,0.831811023568074,FALSE
"synapse",1.2,"org.apache.synapse.statistics.StatisticsCollector",13.5,2,1.2,148,0,20,10,10,1,7,0,8,1,0,0.990000009536743,0.270000010728836,0.880629923399978,FALSE
"synapse",1.2,"org.apache.synapse.config.xml.MediatorSerializer",0,1,1,2,0,2,2,2,0,6,0,8,2,0,1,0.230000004172325,0.887440948211771,FALSE
"synapse",1.2,"org.apache.synapse.core.axis2.SynapseDispatcher",7.75,1,0.75,35,0,13,4,4,0,0,2,9,9,2,0.990000009536743,0.200000002980232,0.881181104622019,FALSE
"synapse",1.2,"org.apache.synapse.mediators.ListMediator",0,1,1,6,0,6,6,6,0,12,0,13,1,0,0.990000009536743,0.219999998807907,0.894803152544292,TRUE
"synapse",1.2,"org.apache.synapse.config.xml.SequenceMediatorFactory",30.6,9,3.2,159,0,19,4,5,1,4,0,12,8,0,1,0.280000001192093,0.895354333121007,FALSE
"synapse",1.2,"org.apache.synapse.statistics.impl.SequenceStatisticsStack",24.5,7,3,154,0,22,5,6,1,4,0,6,3,0,0.980000019073486,0.310000002384186,0.889448820957987,FALSE
"synapse",1.2,"org.apache.synapse.config.xml.CacheMediatorFactory",73,28,6.8,384,0,42,3,5,1,0,0,9,9,0,0.990000009536743,0.300000011920929,0.896653543072423,TRUE
"synapse",1.2,"org.apache.synapse.startup.quartz.SimpleQuartzFactory",46.14285714,23,3.8571,334,0,51,4,7,0.75,1,0,9,9,0,0.980000019073486,0.189999997615814,0.864881891434587,FALSE
"synapse",1.2,"org.apache.synapse.ServerManager",28.12,11,2.48,740,0,86,22,25,1,11,0,32,21,0,0.77999997138977,0.189999997615814,0.632677167302041,TRUE
"synapse",1.2,"org.apache.synapse.mediators.ext.ClassMediator",19.625,6,2.125,167,0,29,8,8,1,2,0,10,8,0,0.990000009536743,0.209999993443489,0.881929136578023,FALSE
"synapse",1.2,"org.apache.synapse.core.axis2.AsyncCallback",3.3,1,0.9,46,0,11,10,10,0.666666667,4,0,7,3,0,0.949999988079071,0.439999997615814,0.791220471966924,FALSE
"synapse",1.2,"org.apache.synapse.util.ClasspathURLStreamHandler",4,1,0.5,10,0,4,2,2,0,1,0,2,1,0,0.870000004768372,0.319999992847443,0.58015748037128,TRUE
"synapse",1.2,"org.apache.synapse.endpoints.dispatch.HttpSessionDispatcher",37,10,4.5,232,0,21,5,6,1,2,0,10,8,0,0.97000002861023,0.230000004172325,0.851299212966848,FALSE
"synapse",1.2,"org.apache.synapse.endpoints.DefaultEndpoint",19.13333333,18,2.6,307,1,53,11,15,1,3,1,14,11,1,0.9200000166893,0.25,0.687952757351042,FALSE
"synapse",1.2,"org.apache.synapse.util.SimpleMapImpl",29.74074074,11,1.6296,845,0,90,26,27,1,1,2,11,11,1,0.939999997615814,0.200000002980232,0.808937005464017,FALSE
"synapse",1.2,"org.apache.synapse.config.xml.DropMediatorSerializer",12.66666667,3,1.3333,41,0,13,3,3,0,0,0,7,7,0,1,0.239999994635582,0.881968503568585,FALSE
"synapse",1.2,"org.apache.synapse.config.xml.DBLookupMediatorSerializer",14,3,1.3333,45,0,14,3,3,0,0,0,8,8,0,1,0.25,0.886692914437121,TRUE
"synapse",1.2,"org.apache.synapse.config.xml.SynapseMediatorFactory",6.25,1,0.5,30,0,9,3,4,1,0,0,5,5,0,1,0.219999998807907,0.901220477941468,FALSE
"synapse",1.2,"org.apache.synapse.config.xml.CalloutMediatorFactory",51.5,14,3.75,218,0,25,3,4,1,0,0,8,8,0,1,0.310000002384186,0.902913385840851,FALSE
"synapse",1.2,"org.apache.synapse.config.xml.AnonymousListMediator",3.5,1,0.5,9,0,4,2,2,0,6,0,8,2,0,0.990000009536743,0.230000004172325,0.901732284898364,TRUE
"synapse",1.2,"org.apache.synapse.config.xml.POJOCommandMediatorSerializer",113,18,5.75,456,0,31,3,4,0,0,0,10,10,0,1,0.209999993443489,0.89118110541049,FALSE
"synapse",1.2,"org.apache.synapse.config.xml.HeaderMediatorFactory",46.25,14,3.75,191,0,29,3,4,1,0,0,11,11,0,0.990000009536743,0.280000001192093,0.889133858164464,FALSE
"synapse",1.2,"org.apache.synapse.config.xml.CacheMediatorSerializer",74,13,4.6667,225,0,31,3,3,0,0,0,11,11,0,1,0.280000001192093,0.895669294623878,TRUE
"synapse",1.2,"org.apache.synapse.core.axis2.SynapseInitializationModule",37.875,2,0.875,313,0,64,6,8,1,0,0,27,27,0,0.990000009536743,0.239999994635582,0.887952751942037,FALSE
"synapse",1.2,"org.apache.synapse.config.xml.MediatorFactory",0,1,1,2,0,2,2,2,0,3,0,5,2,0,1,0.239999994635582,0.894527559146637,TRUE
"synapse",1.2,"org.apache.synapse.mediators.GetPropertyFunction",68.14285714,39,6.4286,488,0,50,5,7,0.75,1,0,13,12,0,0.9200000166893,0.140000000596046,0.720629919408344,FALSE
"synapse",1.2,"org.apache.synapse.util.TextFileDataSource",8.583333333,1,0.9167,117,0,28,12,12,1,1,3,15,14,1,0.930000007152557,0.310000002384186,0.79204724248,FALSE
"synapse",1.2,"org.apache.synapse.mediators.db.Statement",7.833333333,1,0.8333,56,0,12,6,6,0,6,0,7,2,0,0.889999985694885,0.300000011920929,0.758070866892657,FALSE
"synapse",1.2,"org.apache.synapse.mediators.ext.AnnotatedCommandMediator",99.33333333,15,5.5,606,0,56,3,6,1,1,4,12,11,2,0.990000009536743,0.310000002384186,0.907480314725966,TRUE
"synapse",1.2,"org.apache.synapse.mediators.MediatorProperty",6,1,0.7778,70,0,12,8,9,0.428571429,8,0,10,2,0,0.990000009536743,0.219999998807907,0.880393701510166,FALSE
"synapse",1.2,"org.apache.synapse.mediators.eip.splitter.CloneMediator",19.8,9,1.9,210,0,39,9,10,1,2,0,15,13,0,0.990000009536743,0.28999999165535,0.901771655115556,FALSE
"synapse",1.2,"org.apache.synapse.registry.RegistryEntry",0,1,1,8,0,8,8,8,0,4,0,4,0,0,0.959999978542328,0.150000005960464,0.840984251320831,FALSE
"synapse",1.2,"org.apache.synapse.config.xml.DropMediatorFactory",5.5,1,0.5,27,0,8,3,4,1,0,0,4,4,0,1,0.25,0.898543311268326,TRUE
"synapse",1.2,"org.apache.synapse.startup.quartz.SimpleQuartz",17.82352941,12,1.5882,329,0,62,16,17,0.888888889,2,0,17,16,0,1,0.259999990463257,0.903346457936632,FALSE
"synapse",1.2,"org.apache.synapse.core.axis2.Axis2SynapseEnvironment",35.07142857,17,2.5,511,0,69,12,14,1,1,0,30,29,0,0.990000009536743,0.219999998807907,0.878779526653252,FALSE
"synapse",1.2,"org.apache.synapse.config.xml.OMElementUtils",31.75,6,2.75,132,0,21,3,4,1,4,0,13,9,0,0.939999997615814,0.349999994039536,0.757440942948259,FALSE
"synapse",1.2,"org.apache.synapse.config.xml.IterateMediatorFactory",38,8,2.25,161,0,30,3,4,1,0,0,14,14,0,0.990000009536743,0.259999990463257,0.896062992337182,TRUE
"synapse",1.2,"org.apache.synapse.mediators.FilterMediator",0,1,1,1,0,1,1,1,0,3,0,5,2,0,0.980000019073486,0.270000010728836,0.87677165384837,FALSE
"synapse",1.2,"org.apache.synapse.config.xml.DBReportMediatorSerializer",14,3,1.3333,45,0,14,3,3,0,0,0,8,8,0,1,0.25,0.887322834744228,FALSE
"synapse",1.2,"org.apache.synapse.config.xml.ProxyServiceSerializer",147.5,40,10.25,598,0,69,2,4,1,1,0,19,18,0,0.990000009536743,0.239999994635582,0.876259843723511,FALSE
"synapse",1.2,"org.apache.synapse.FaultHandler",30.14285714,7,2.5714,220,4,32,5,7,1,17,0,20,4,0,0.949999988079071,0.239999994635582,0.657874014961907,FALSE
"synapse",1.2,"org.apache.synapse.mediators.builtin.SendMediator",65.75,27,7.25,268,0,38,4,4,1,2,0,18,16,0,1,0.239999994635582,0.904488191067234,FALSE
"synapse",1.2,"org.apache.synapse.mediators.MediatorFaultHandler",16.16666667,2,0.8333,106,0,20,4,6,1,4,2,10,7,1,0.980000019073486,0.330000013113022,0.876062995218855,FALSE
"synapse",1.2,"org.apache.synapse.config.xml.SynapseXMLConfigurationSerializer",24.66666667,7,1.8889,235,0,45,3,9,1,0,0,24,24,0,0.990000009536743,0.259999990463257,0.881771654946597,FALSE
"synapse",1.2,"org.apache.synapse.core.axis2.MediatorDeployer",37.77777778,1,0.7778,351,0,45,6,9,1,0,0,11,11,0,0.990000009536743,0.270000010728836,0.898110237881893,FALSE
"synapse",1.2,"org.apache.synapse.config.xml.endpoints.LoadbalanceEndpointSerializer",43,6,3,88,0,16,1,2,0,1,2,13,13,1,1,0.310000002384186,0.893267716479114,TRUE
"synapse",1.2,"org.apache.synapse.mediators.eip.aggregator.AggregateMediator",32.3,34,3.1,677,0,71,18,20,1,3,0,14,12,0,0.990000009536743,0.259999990463257,0.900748032401866,TRUE
"synapse",1.2,"org.apache.synapse.core.axis2.TimeoutHandler",39.4,5,1.6,207,0,33,2,5,1,1,0,7,6,0,0.949999988079071,0.259999990463257,0.632559054714488,FALSE
"synapse",1.2,"org.apache.synapse.util.FixedByteArrayOutputStream",13.33333333,2,1.3333,43,0,7,3,3,0,1,2,2,1,2,0.949999988079071,0.330000013113022,0.777913383728876,FALSE
"synapse",1.2,"org.apache.synapse.endpoints.Endpoint",0,1,1,7,0,7,7,7,0,48,0,48,1,0,0.990000009536743,0.28999999165535,0.782125982243245,TRUE
"synapse",1.2,"org.apache.synapse.config.xml.ResourceMapSerializer",15.33333333,3,1,50,0,15,2,3,1,1,0,9,8,0,0.899999976158142,0.259999990463257,0.779921257120418,FALSE
"synapse",1.2,"org.apache.synapse.config.xml.StartupFinder",29.09090909,3,1.3636,336,0,38,7,11,1,2,0,11,9,0,0.959999978542328,0.330000013113022,0.845944881673873,FALSE
"synapse",1.2,"org.apache.synapse.config.xml.endpoints.IndirectEndpointSerializer",18,3,1.5,38,0,8,1,2,0,1,2,10,10,1,0.990000009536743,0.280000001192093,0.889094489765918,FALSE
"synapse",1.2,"org.apache.synapse.core.axis2.ProxyService",20.1641791,49,1.9104,1449,0,172,60,67,0.967741935,9,0,44,37,0,0.949999988079071,0.25,0.80468503755378,FALSE
"synapse",1.2,"org.apache.synapse.config.xml.FaultMediatorSerializer",75.33333333,16,5.6667,232,0,32,3,3,1,0,0,11,11,0,1,0.239999994635582,0.889566932313555,FALSE
"synapse",1.2,"org.apache.synapse.config.xml.AbstractMediatorFactory",26.8,5,1.4,154,19,18,0,5,1,19,0,26,7,0,1,0.239999994635582,0.886338584946366,FALSE
"synapse",1.2,"org.apache.synapse.mediators.eip.Target",9.928571429,9,1.5,159,0,26,14,14,1,8,0,15,7,0,0.949999988079071,0.25,0.606338578767664,TRUE
"synapse",1.2,"org.apache.synapse.registry.RegistryEntryImpl",9.666666667,1,0.9444,200,0,28,18,18,1,1,0,2,1,0,0.939999997615814,0.360000014305115,0.852204723034318,FALSE
"synapse",1.2,"org.apache.synapse.config.xml.DBReportMediatorFactory",6.5,1,0.5,31,0,9,3,4,1,0,0,5,5,0,1,0.270000010728836,0.902244099481838,TRUE
"synapse",1.2,"org.apache.synapse.config.xml.XMLConfigConstants",28.5,0,0,88,0,5,1,2,0,4,0,4,0,0,0.939999997615814,0.400000005960464,0.853740158982164,FALSE
"synapse",1.2,"org.apache.synapse.config.xml.InMediatorSerializer",14.33333333,3,1.3333,46,0,15,3,3,0,0,0,7,7,0,1,0.25,0.886850397887192,FALSE
"synapse",1.2,"org.apache.synapse.util.xpath.SynapseXPathVariableContext",35.66666667,1,0.3333,113,0,13,3,3,1,1,0,9,8,0,0.990000009536743,0.310000002384186,0.854881891702104,FALSE
"synapse",1.2,"org.apache.synapse.config.xml.IterateMediatorSerializer",30.33333333,8,3,94,0,24,3,3,0,0,0,12,12,0,1,0.239999994635582,0.888425201588259,FALSE
"synapse",1.2,"org.apache.synapse.registry.AbstractRegistry",31.14285714,20,3.4286,227,1,37,5,7,1,1,0,10,9,0,0.949999988079071,0.280000001192093,0.831456692903999,FALSE
"synapse",1.2,"org.apache.synapse.config.xml.PropertyMediatorSerializer",35.66666667,9,3.3333,110,0,21,3,3,0,0,0,10,10,0,0.990000009536743,0.209999993443489,0.88118110532601,FALSE
"synapse",1.2,"org.apache.synapse.config.xml.XSLTMediatorSerializer",47,11,4,144,0,31,3,3,0,0,0,12,12,0,0.990000009536743,0.280000001192093,0.871259845382585,FALSE
"synapse",1.2,"org.apache.synapse.metrics.GlobalRequestCountHandler",9,1,0.5,20,0,9,2,2,0,0,0,6,6,0,0.97000002861023,0.340000003576279,0.835196852566689,FALSE
"synapse",1.2,"org.apache.synapse.mediators.builtin.PropertyMediator",30.91666667,30,3.3333,390,0,37,12,12,0.714285714,2,0,10,8,0,0.980000019073486,0.209999993443489,0.867204727560986,TRUE
"synapse",1.2,"org.apache.synapse.config.xml.endpoints.FailoverEndpointSerializer",30.5,4,2,63,0,14,1,2,0,1,2,11,11,1,1,0.280000001192093,0.889370080171608,FALSE
"synapse",1.2,"org.apache.synapse.config.xml.endpoints.WSDLEndpointFactory",42.8,12,2.8,220,0,38,1,5,1,1,4,11,11,2,1,0.270000010728836,0.886574804548203,FALSE
"synapse",1.2,"org.apache.synapse.config.xml.PropertyHelper",78.57142857,12,3.2857,558,0,42,4,7,1,3,0,7,4,0,0.850000023841858,0.28999999165535,0.618543308668249,FALSE
"synapse",1.2,"org.apache.synapse.mediators.ext.POJOCommandMediator",56,16,2.6875,918,1,66,14,16,1,3,0,17,14,0,0.990000009536743,0.209999993443489,0.897559056073193,TRUE
"synapse",1.2,"org.apache.synapse.util.AXIOMUtils",9.5,2,1,21,0,6,1,2,0,2,0,6,4,0,0.9200000166893,0.259999990463257,0.696417326298286,FALSE
"synapse",1.2,"org.apache.synapse.statistics.Statistics",14.28571429,7,1.7143,113,0,8,7,7,1,1,0,1,0,0,0.990000009536743,0.140000000596046,0.887952756283321,FALSE
"synapse",1.2,"org.apache.synapse.endpoints.algorithms.AlgorithmContext",23.1,6,2.4,248,0,33,6,10,1,4,0,11,7,0,0.9200000166893,0.239999994635582,0.762204724327316,FALSE
"synapse",1.2,"org.apache.synapse.util.TemporaryData",24.22222222,3,1.1111,235,0,30,5,9,0.125,7,0,10,5,0,0.939999997615814,0.379999995231628,0.782952757097605,FALSE
"synapse",1.2,"org.apache.synapse.mediators.eip.EIPUtils",27.4,1,0.6,143,0,19,4,5,1,3,0,12,9,0,0.959999978542328,0.230000004172325,0.774606297276621,FALSE
"synapse",1.2,"org.apache.synapse.ManagedLifecycle",0,1,1,2,0,2,2,2,0,10,0,11,1,0,0.9200000166893,0.319999992847443,0.779724408674428,FALSE
"synapse",1.2,"org.apache.synapse.statistics.StatisticsStack",0,1,1,4,0,4,4,4,0,6,0,7,1,0,0.990000009536743,0.189999997615814,0.885236220448975,TRUE
"synapse",1.2,"org.apache.synapse.config.SynapseConfigurationBuilder",34.5,8,1.8333,214,0,37,3,6,1,1,0,11,10,0,0.990000009536743,0.300000011920929,0.865787400622067,TRUE
"synapse",1.2,"org.apache.synapse.config.xml.endpoints.utils.WSDL20EndpointBuilder",3,0,0,4,0,2,1,1,0,0,0,0,0,0,1,0.280000001192093,0.838503938138954,FALSE
"synapse",1.2,"org.apache.synapse.mediators.filters.FilterMediator",30.05882353,21,2.5294,535,0,39,17,17,1,2,3,11,9,1,0.980000019073486,0.270000010728836,0.87677165384837,FALSE
"synapse",1.2,"org.apache.synapse.startup.AbstractStartup",4.333333333,1,0.6667,17,1,4,3,3,1,1,0,2,1,0,0.959999978542328,0.200000002980232,0.76566928959503,FALSE
"synapse",1.2,"org.apache.synapse.mediators.annotations.ReadFromMessage",0,1,1,1,0,1,1,1,0,1,0,1,0,0,0.910000026226044,0.439999997615814,0.696496063682038,FALSE
"synapse",1.2,"org.apache.synapse.config.xml.RegistrySerializer",23.25,4,1.25,101,0,23,2,4,1,1,0,11,10,0,0.990000009536743,0.230000004172325,0.87846456955033,TRUE
"synapse",1.2,"org.apache.synapse.core.axis2.CustomWSDLLocator",8,3,1,68,0,11,7,7,1,2,0,5,3,0,0.939999997615814,0.300000011920929,0.827874017043376,FALSE
"synapse",1.2,"org.apache.synapse.config.xml.endpoints.SALoadbalanceEndpointSerializer",71.5,8,4,145,0,21,1,2,0,1,3,16,16,1,1,0.28999999165535,0.891417324542999,FALSE
"synapse",1.2,"org.apache.synapse.config.xml.endpoints.EndpointSerializer",41.5,19,3.75,342,6,44,3,8,1,10,0,28,23,0,1,0.259999990463257,0.882992128218253,FALSE
"synapse",1.2,"org.apache.synapse.core.axis2.Axis2Sender",31.8,15,3.4,165,0,45,3,5,1,2,0,22,20,0,0.930000007152557,0.370000004768372,0.818622045746939,TRUE
"synapse",1.2,"org.apache.synapse.mediators.eip.splitter.IterateMediator",22.46666667,13,1.8667,357,0,53,14,15,1,2,0,21,19,0,0.990000009536743,0.270000010728836,0.894724410936588,TRUE
"synapse",1.2,"org.apache.synapse.config.xml.AbstractDBMediatorFactory",86.125,23,5,709,2,60,1,8,0,4,0,12,9,0,1,0.25,0.885314961352686,TRUE
"synapse",1.2,"org.apache.synapse.config.xml.endpoints.XMLToEndpointMapper",6.25,2,0.75,30,0,7,2,4,1,1,0,7,6,0,0.97000002861023,0.349999994039536,0.878622049421776,FALSE
"synapse",1.2,"org.apache.synapse.config.xml.AbstractMediatorSerializer",21,5,1.75,181,18,36,0,8,1,18,0,34,16,0,1,0.230000004172325,0.893267720527067,FALSE
"synapse",1.2,"org.apache.synapse.config.xml.SwitchMediatorSerializer",41.66666667,8,3,128,0,27,3,3,0,0,0,13,13,0,1,0.239999994635582,0.892165357848321,TRUE
"synapse",1.2,"org.apache.synapse.mediators.builtin.CalloutMediator",23.22727273,22,1.9545,544,0,64,20,22,0.818181818,2,0,25,23,0,0.990000009536743,0.340000003576279,0.903110236633481,TRUE
"synapse",1.2,"org.apache.synapse.Startup",0,1,1,3,0,3,3,3,0,10,0,11,1,0,0.980000019073486,0.180000007152557,0.868622046169334,TRUE
"synapse",1.2,"org.apache.synapse.config.xml.MediatorFactoryFinder",43.66666667,7,1.7778,406,0,39,5,9,1,4,0,14,10,0,0.980000019073486,0.319999992847443,0.90362204998497,FALSE
"synapse",1.2,"org.apache.synapse.config.xml.AbstractListMediatorSerializer",19,3,1.5,40,7,14,1,2,0,7,0,12,5,0,1,0.230000004172325,0.890393705173271,TRUE
"synapse",1.2,"org.apache.synapse.config.xml.TargetSerializer",28,7,2.3333,90,0,18,2,3,1,2,0,13,11,0,0.990000009536743,0.230000004172325,0.8526377978874,FALSE
"synapse",1.2,"org.apache.synapse.config.xml.TargetFactory",34.75,12,3.5,145,0,25,2,4,1,2,0,12,10,0,0.939999997615814,0.109999999403954,0.799370077592651,FALSE
"synapse",1.2,"org.apache.synapse.mediators.annotations.Namespaces",0,1,1,1,0,1,1,1,0,1,0,1,0,0,0.649999976158142,0.100000001490116,0.291614172906857,TRUE
"synapse",1.2,"org.apache.synapse.statistics.StatisticsHolder",6.888888889,4,1.2222,75,0,12,9,9,1,1,0,2,1,0,0.980000019073486,0.280000001192093,0.876062992402888,FALSE
"synapse",1.2,"org.apache.synapse.util.PolicyInfo",7.642857143,4,1.4286,126,0,15,14,14,0.6,3,0,3,0,0,0.870000004768372,0.379999995231628,0.658976377112659,FALSE
"synapse",1.2,"org.apache.synapse.config.xml.ConfigurationSerializer",0,1,1,2,0,2,2,2,0,2,0,4,2,0,0.990000009536743,0.209999993443489,0.839763778811834,TRUE
"synapse",1.2,"org.apache.synapse.mediators.db.AbstractDBMediator",30.35714286,7,1.5,442,2,71,11,14,0.666666667,8,0,19,13,0,1,0.259999990463257,0.895748028370339,TRUE
"synapse",1.2,"org.apache.synapse.config.xml.PropertyMediatorFactory",42,15,4,174,0,22,3,4,1,0,0,10,10,0,0.990000009536743,0.219999998807907,0.888070866700233,TRUE
"synapse",1.2,"org.apache.synapse.config.xml.StartupSerializer",0,1,1,1,0,1,1,1,0,2,0,4,2,0,0.990000009536743,0.200000002980232,0.81968503955781,FALSE
"synapse",1.2,"org.apache.synapse.config.xml.OutMediatorFactory",6.25,1,0.5,30,0,9,3,4,1,0,0,5,5,0,1,0.259999990463257,0.892874017944486,FALSE
"synapse",1.2,"org.apache.synapse.mediators.filters.InMediator",23.66666667,8,3.3333,74,0,16,3,3,0,2,2,7,5,1,0.990000009536743,0.28999999165535,0.900669292906138,FALSE
"synapse",1.2,"org.apache.synapse.MessageContext",0,1,1,52,0,52,52,52,0,72,0,78,10,0,0.97000002861023,0.330000013113022,0.804212597880776,TRUE
"synapse",1.2,"org.apache.synapse.config.xml.endpoints.AddressEndpointFactory",14.8,3,1.2,80,0,18,2,5,1,1,5,7,6,2,0.990000009536743,0.270000010728836,0.875472440376995,TRUE
"synapse",1.2,"org.apache.synapse.core.axis2.SynapseAxisServlet",10.75,1,0.5,48,0,16,3,4,1,0,6,7,7,1,1,0.189999997615814,0.897874017869394,FALSE
"synapse",1.2,"org.apache.synapse.config.xml.AnonymousListMediatorSerializer",10,2,1,33,0,12,3,3,0,1,0,5,4,0,1,0.219999998807907,0.895472444417908,FALSE
"synapse",1.2,"org.apache.synapse.config.xml.endpoints.utils.WSDL11EndpointBuilder",33.85714286,12,2.2857,245,0,43,2,7,1,1,0,8,7,0,1,0.280000001192093,0.841102362383069,TRUE
"synapse",1.2,"org.apache.synapse.startup.quartz.SimpleQuartzJob",24.6,1,0.6,132,0,31,2,5,0.25,0,0,12,12,0,1,0.239999994635582,0.902677166825674,FALSE
"synapse",1.2,"org.apache.synapse.config.xml.SequenceMediatorSerializer",46,10,4.25,188,0,24,4,4,0,4,0,12,8,0,1,0.259999990463257,0.901456697015312,FALSE
"synapse",1.2,"org.apache.synapse.util.SimpleMap",0,1,1,22,0,22,22,22,0,2,0,2,0,0,0.959999978542328,0.159999996423721,0.852598428608864,FALSE
"synapse",1.2,"org.apache.synapse.config.xml.MediatorPropertyFactory",51.33333333,11,3.6667,158,0,26,2,3,1,2,0,11,9,0,0.990000009536743,0.170000001788139,0.879881889390664,FALSE
"synapse",1.2,"org.apache.synapse.util.RMIRegistryController",11,2,0.8333,76,0,17,3,6,0.75,2,0,5,3,0,0.949999988079071,0.300000011920929,0.822125984693137,FALSE
"synapse",1.2,"org.apache.synapse.endpoints.dispatch.SimpleClientSessionDispatcher",32.33333333,8,3.3333,202,0,22,5,6,1,2,0,11,9,0,0.980000019073486,0.230000004172325,0.89015748035016,FALSE
"synapse",1.2,"org.apache.synapse.mediators.annotations.UpdateMessage",0,1,1,1,0,1,1,1,0,1,0,1,0,0,0.930000007152557,0.340000003576279,0.688110237281154,FALSE
"synapse",1.2,"org.apache.synapse.config.xml.RegistryFactory",25.5,4,1.3333,163,0,28,2,6,0.25,1,0,7,6,0,0.980000019073486,0.230000004172325,0.858818896818818,FALSE
"synapse",1.2,"org.apache.synapse.config.xml.endpoints.DefaultEndpointFactory",22,6,1.8333,139,1,28,2,6,1,2,3,7,6,2,0.97000002861023,0.330000013113022,0.849291339164644,FALSE
"synapse",1.2,"org.apache.synapse.config.xml.endpoints.FailoverEndpointFactory",11.5,3,1,51,0,13,1,4,1,1,1,4,4,1,1,0.310000002384186,0.885866143220053,FALSE
"synapse",1.2,"org.apache.synapse.config.xml.endpoints.SALoadbalanceEndpointFactory",28,6,1.75,117,0,23,1,4,1,1,2,11,11,1,1,0.300000011920929,0.895748033532946,FALSE
"synapse",1.2,"org.apache.synapse.config.xml.POJOCommandMediatorFactory",84.2,30,7.4,435,0,35,3,5,1,0,0,10,10,0,0.990000009536743,0.209999993443489,0.901299214914558,TRUE
"synapse",1.2,"org.apache.synapse.config.xml.RMSequenceMediatorFactory",62.75,19,5,260,0,28,3,4,1,0,0,10,10,0,1,0.300000011920929,0.904842521144649,TRUE
"synapse",1.2,"org.apache.synapse.config.xml.CloneMediatorFactory",14.75,3,1,66,0,19,3,4,1,0,0,7,7,0,1,0.270000010728836,0.899055120513195,FALSE
"synapse",1.2,"org.apache.synapse.endpoints.algorithms.RoundRobin",20.75,5,1.75,89,0,14,3,4,1,3,0,9,6,0,0.949999988079071,0.360000014305115,0.793740155659323,FALSE
"synapse",1.2,"org.apache.synapse.config.xml.endpoints.EndpointFactory",50.36363636,35,4.9091,566,6,65,3,11,1,11,0,23,18,0,0.990000009536743,0.300000011920929,0.861299211702009,FALSE
"synapse",1.2,"org.apache.synapse.endpoints.WSDLEndpoint",18.60869565,23,2.5217,461,0,74,19,23,1,4,1,22,18,1,0.990000009536743,0.340000003576279,0.852244096008811,FALSE
"synapse",1.2,"org.apache.synapse.config.xml.EntrySerializer",29.5,6,1.75,126,0,22,2,4,1,1,0,13,12,0,0.980000019073486,0.170000001788139,0.822322836365756,FALSE
"synapse",1.2,"org.apache.synapse.config.xml.endpoints.AddressEndpointSerializer",26.33333333,3,1.6667,82,0,17,2,3,0,1,7,13,12,2,1,0.280000001192093,0.895275592451959,TRUE
"synapse",1.2,"org.apache.synapse.config.xml.endpoints.WSDLEndpointSerializer",32.66666667,7,2.6667,101,0,16,1,3,0,1,2,12,12,1,1,0.270000010728836,0.883897639048381,TRUE
"synapse",1.2,"org.apache.synapse.config.SynapseConfiguration",18.3,8,2.1,976,0,108,48,50,0.909090909,27,0,46,20,0,0.97000002861023,0.330000013113022,0.869803153741078,FALSE
"synapse",1.2,"org.apache.synapse.config.xml.InMediatorFactory",6.25,1,0.5,30,0,9,3,4,1,0,0,5,5,0,0.990000009536743,0.270000010728836,0.891811025306934,FALSE
"synapse",1.2,"org.apache.synapse.config.xml.AbstractListMediatorFactory",22,3,1.5,46,7,15,1,2,0,7,0,14,7,0,1,0.239999994635582,0.889055119079398,FALSE
"synapse",1.2,"org.apache.synapse.mediators.db.DBReportMediator",52,7,3.5,106,0,18,1,2,0,2,5,5,3,2,0.990000009536743,0.28999999165535,0.899921262358117,TRUE
"synapse",1.2,"org.apache.synapse.util.xpath.SynapseXPathConstants",3,0,0,10,0,2,1,1,0,0,0,0,0,0,0.990000009536743,0.209999993443489,0.855866144433266,FALSE
"synapse",1.2,"org.apache.synapse.config.xml.XSLTMediatorFactory",36.25,11,3,150,0,27,3,4,1,0,0,9,9,0,0.990000009536743,0.310000002384186,0.883582679070826,FALSE
"synapse",1.2,"org.apache.synapse.mediators.transform.HeaderMediator",34.75,27,3.5833,435,0,51,10,12,0.666666667,2,0,16,14,0,0.97000002861023,0.300000011920929,0.873818898998846,FALSE
"synapse",1.2,"org.apache.synapse.core.axis2.SynapseMustUnderstandHandler",22,1,0.5,46,0,14,2,2,0,0,0,8,8,0,0.980000019073486,0.330000013113022,0.855590551504939,TRUE
"synapse",1.2,"org.apache.synapse.config.xml.MediatorSerializerFinder",36.28571429,3,1.1429,265,0,28,3,7,1,3,0,9,6,0,1,0.300000011920929,0.896692915460256,FALSE
"synapse",1.2,"org.apache.synapse.mediators.builtin.DropMediator",24,5,2.5,50,0,16,2,2,0,5,0,11,6,0,1,0.270000010728836,0.90015748495192,FALSE
"synapse",1.2,"org.apache.synapse.config.xml.SendMediatorSerializer",15.66666667,4,1.6667,50,0,15,3,3,0,0,0,9,9,0,1,0.230000004172325,0.89291338769235,FALSE
"synapse",1.2,"org.apache.synapse.mediators.base.SynapseMediator",56,11,5.5,114,0,23,2,2,0,2,2,10,8,1,0.990000009536743,0.219999998807907,0.899606303084554,FALSE
"synapse",1.2,"org.apache.synapse.config.xml.LogMediatorSerializer",28.33333333,8,3,88,0,19,3,3,0,0,0,8,8,0,1,0.259999990463257,0.889724411246345,TRUE
"synapse",1.2,"org.apache.synapse.metrics.MetricsConstants",3,0,0,6,0,2,1,1,0,0,0,0,0,0,0.980000019073486,0.119999997317791,0.857244097547034,FALSE
"synapse",1.2,"org.apache.synapse.config.xml.XMLConfigurationBuilder",7.333333333,1,0.3333,26,0,11,2,3,1,2,0,8,6,0,0.9200000166893,0.150000005960464,0.719527558430912,FALSE
"synapse",1.2,"org.apache.synapse.config.xml.ConfigurationFactoryAndSerializerFinder",28,4,1.4615,382,0,45,8,13,1,2,0,14,12,0,0.980000019073486,0.189999997615814,0.840236219834155,TRUE
"synapse",1.2,"org.apache.synapse.mediators.builtin.CacheMediator",28.64,16,1.6,753,0,87,22,25,1,2,0,26,24,0,0.990000009536743,0.330000013113022,0.904606300076162,FALSE
"synapse",1.2,"org.apache.synapse.core.axis2.SynapseCallbackReceiver",102,7,1.8333,620,0,105,3,6,1,2,0,34,32,0,1,0.280000001192093,0.894330711697969,FALSE
"synapse",1.2,"org.apache.synapse.config.xml.SwitchMediatorFactory",40,5,1.5,167,0,27,3,4,1,0,0,13,13,0,1,0.25,0.900748034983169,FALSE
"synapse",1.2,"org.apache.synapse.util.MessageHelper",55.875,6,2.875,455,0,105,7,8,0,5,0,33,28,0,0.959999978542328,0.379999995231628,0.701614174669183,FALSE
"synapse",1.2,"org.apache.synapse.config.xml.AggregateMediatorFactory",51.75,12,3.25,222,0,29,3,4,1,0,0,13,13,0,0.990000009536743,0.25,0.899173229346125,TRUE
"synapse",1.2,"org.apache.synapse.config.xml.endpoints.utils.LoadbalanceAlgorithmFactory",15.5,3,1.5,33,0,8,2,2,0,2,0,6,4,0,0.980000019073486,0.209999993443489,0.894291337726154,FALSE
"synapse",1.2,"org.apache.synapse.util.concurrent.SynapseThreadFactory",26,1,0.5,57,0,13,2,2,0,1,0,1,0,0,1,0.189999997615814,0.893228349019223,FALSE
"synapse",1.2,"org.apache.synapse.config.xml.AggregateMediatorSerializer",37.75,10,2.75,156,0,29,3,4,1,0,0,14,14,0,1,0.239999994635582,0.901417326680788,FALSE
"synapse",1.2,"org.apache.synapse.util.POXUtils",46.33333333,12,4,143,0,29,2,3,1,1,0,12,11,0,0.910000026226044,0.200000002980232,0.706220476352793,FALSE
"synapse",1.2,"org.apache.synapse.config.xml.SwitchCase",8.5,3,1.125,79,0,18,7,8,1,3,0,7,4,0,0.97000002861023,0.25,0.876299213706039,FALSE
"synapse",1.2,"org.apache.synapse.config.xml.SynapseXPathSerializer",14.2,2,1,77,0,23,2,5,1,14,0,23,9,0,0.990000009536743,0.239999994635582,0.859803151251294,FALSE
"synapse",1.2,"org.apache.synapse.core.axis2.Axis2MessageContext",11.55737705,11,1.541,776,0,136,61,61,1,25,0,46,21,0,0.980000019073486,0.349999994039536,0.840236220420815,FALSE
"synapse",1.2,"org.apache.synapse.Command",0,1,1,1,0,1,1,1,0,2,0,2,0,0,0.889999985694885,0.189999997615814,0.534566925031932,FALSE
"synapse",1.2,"org.apache.synapse.config.xml.SendMediatorFactory",10.75,3,1,49,0,11,3,4,1,0,0,6,6,0,1,0.239999994635582,0.897362207157875,FALSE
"synapse",1.2,"org.apache.synapse.endpoints.dispatch.Dispatcher",0,1,1,4,0,4,4,4,0,6,0,9,3,0,0.910000026226044,0.209999993443489,0.716692913059644,FALSE
"synapse",1.2,"org.apache.synapse.endpoints.IndirectEndpoint",20.33333333,7,2.4667,326,0,42,12,15,0.833333333,6,1,15,9,1,0.980000019073486,0.349999994039536,0.852952755342318,TRUE
"synapse",1.2,"org.apache.synapse.mediators.builtin.LogMediator",28.6875,8,2.4375,483,0,60,9,16,0.375,4,0,13,9,0,0.990000009536743,0.28999999165535,0.890984253385874,FALSE
"synapse",1.2,"org.apache.synapse.statistics.impl.EndPointStatisticsStack",56.2,9,4.2,288,0,26,5,5,1,5,0,7,3,0,0.980000019073486,0.259999990463257,0.874881888351103,FALSE
"synapse",1.2,"org.apache.synapse.SynapseConstants",7,0,0,106,0,6,1,2,0,11,0,14,3,0,0.990000009536743,0.170000001788139,0.880590551188142,FALSE
"synapse",1.2,"org.apache.synapse.Mediator",0,1,1,4,0,4,4,4,0,78,0,78,1,0,1,0.25,0.904685045555821,TRUE
"synapse",1.2,"org.apache.synapse.statistics.StatisticsUtils",23.33333333,4,2.3333,146,0,22,5,6,0,5,0,14,9,0,0.990000009536743,0.159999996423721,0.897322834946039,TRUE
"synapse",1.2,"org.apache.synapse.util.DataSourceRegistrar",114.5454545,10,4.1818,1312,0,59,2,11,0.975609756,1,0,5,4,0,0.949999988079071,0.360000014305115,0.828503935707836,TRUE
"synapse",1.2,"org.apache.synapse.config.xml.FaultMediatorFactory",89.25,23,6,371,0,36,3,4,1,0,0,9,9,0,1,0.25,0.897086617397511,FALSE
"synapse",1.2,"org.apache.synapse.mediators.eip.EIPConstants",3,0,0,7,0,2,1,1,0,0,0,0,0,0,0.959999978542328,0.129999995231628,0.793188974261284,FALSE
"synapse",1.2,"org.apache.synapse.mediators.filters.OutMediator",22.33333333,8,3,70,0,16,3,3,0,2,2,7,5,1,1,0.280000001192093,0.903622053270265,FALSE
"synapse",1.2,"org.apache.synapse.startup.tasks.MessageInjector",14.57142857,5,1.4286,114,0,22,7,7,1,0,0,9,9,0,0.959999978542328,0.300000011920929,0.75476377944308,FALSE
"synapse",1.2,"org.apache.synapse.config.xml.RMSequenceMediatorSerializer",34.66666667,11,4,107,0,21,3,3,0,0,0,10,10,0,1,0.280000001192093,0.90523622578054,TRUE
"synapse",1.2,"org.apache.synapse.config.SynapseConfigUtils",61.6,12,3.4667,940,0,75,10,15,1,10,0,23,13,0,0.990000009536743,0.239999994635582,0.89405511747899,TRUE
"synapse",1.2,"org.apache.synapse.config.xml.endpoints.IndirectEndpointFactory",9.5,2,0.75,43,0,10,1,4,1,1,1,4,4,1,0.990000009536743,0.280000001192093,0.883779528807467,FALSE
"synapse",1.2,"org.apache.synapse.util.SynapseBinaryDataSource",8.666666667,1,0.6667,60,0,15,6,6,1,1,0,3,2,0,0.980000019073486,0.280000001192093,0.900905510454666,FALSE
